styleheroine,150103,1871.666667
thenativefox,949994,8427
yasalamfashionblog,46466,545
sylviahaghjoo,97303,1298.666667
yoyokulala,209240,5473.666667
giizeleoliveira,364668,10946
indiaroseco,128191,1569.416667
thefashionguitar,272898,1501.75
helenabordon,915571,5302.416667
frassyaudrey,75966,1984.333333
labellemel31,3378,83.33333333
dressingoutsidethebox,17209,342.5833333
karenbritchick,25062,506.3333333
styleontarget,13149,153
songofstyle,4359487,29195.58333
juliahengel,1048979,17521.5
sincerelyjules,4321417,44708.25
rachparcell,858827,11188.75
happilygrey,783491,10672.66667
emilyschuman,390395,4706.333333
wendyslookbook,1073094,10012.58333
zanitazanita,323680,2120
weworewhat,1613987,10055.33333
tuulavintage,2528798,52013.16667
chrisellelim,813851,10620.16667
oliviapalermo,4620056,52668.25
vivaluxuryblog,555752,15352.5
hellofashionblog,825597,15913.66667
kattanita,354122,3556
damselindior,362621,3936.916667
walkinwonderland,331827,4361.583333
caraloren,697959,11577.58333
somethingnavy,966051,17874.41667
amberfillerup,1307559,56982.5
lovelypepa,1332467,24490.25
camilacoutinho,2137442,30402.41667
whitneybearr,61472,1038.416667
the_salty_blonde,376776,13317.16667
truelane,65209,1885.666667
kbousq,2035,125.1666667
lekkerensimpel,28928,284.6666667
donatella_versace,1179646,13198.5
ngoldenberg,235491,4677.75
mduenasjacobs,76468,770.9166667
kendalljenner,73639706,1505670.75
hamishbowles,122043,1154.916667
thelsd,194840,2972.583333
gigihadid,28989850,1172619.167
carineroitfeld,995708,5345.25
mertalas,882473,18977.75
lenaperminova,1384065,30103.33333
marthaward,46716,607.5
bat_gio,595574,4629.083333
zannarassi,110682,805.25
whowhatwear,2348014,8717.333333
iamnaomicampbell,3647931,37381.25
mirandakerr,10675882,173494.0833
caradelevingne,37166656,795592.4167
veronikaheilbrunner,111307,1292.333333
tommyton,327747,1659.25
telegraphfashion,44373,268.9166667
maid_marriott,63,1.583333333
michellemquinn,24367,415.3333333
cosmopolitan,1944868,14863.08333
marieclaireuk,72170,172
coastaldotcom,13805,68.41666667
freddieharrel,108441,3709.333333
thehautepursuit,596420,6076.583333
lucywilliams02,193385,2428.583333
adenorah,233178,7275
yara_michels,136994,2797.416667
hellofashionblog,825597,15914.58333
racquelnatasha,92870,1625
shalicenoel,156711,1799.916667
kelsey_white,81153,1444.083333
caviarandcashmere,49151,1007.083333
helloitsroxie,18416,375.9166667
glamobserver,24683,361.75
soheatherblog,34867,602.25
luisafere,633163,7235.166667
gabifresh,455968,7727.416667
a_southerndrawl,136220,2027.333333
leblogdebetty,903,119
rumineely,707812,8092.666667
alicezielasko,51382,1203.916667
lateafternoon,215786,2704.666667
lusttforlife,326022,4221.5
fashionistable,33095,187.4166667
sjpcollection,579774,7927
bettyautier,884203,10336.16667
kenzasmg,119525,1382
makemylemonade,215730,3574.666667
daphnemodeandthecity,107162,2481.5
adelinerapon,58443,572.1666667
eppcoline,263527,6942.833333
tokyobanhbao,59492,935.6666667
rozalia_russian,203039,3439.666667
rozalia.com.au,21486,202.8333333
fredrdgz,25289,625.3333333
brooklynblonde1,434563,5659.833333
mcarthurjoseph,7661,351
frassyaudrey,75966,1984.333333
marianodivaio,5378819,163285.9167
marianodivaio,5378819,163285.9167
oliworlds,12901,481.25
oliviakijo,11565,457.6666667
matthewzorpas,155334,2828.833333
matthewzorpas,155334,2828.833333
theglobalgirl,10629,459.75
theglobalgirl,10629,459.75
tini_tani,21979,357.4166667
trineswardrobe,88475,973.75
racheletnicole,10630,123
littleblackboots,156974,5106.583333
lilfashionisto,4210,129.5
lauraallardfleischl,7654,203.8333333
retroflame,72312,1219.666667
retroflame,72312,1219.666667
alexanderkenton,246792,4491.333333
kenzasmg,119525,1382.083333
zosuen,129072,3362.666667
zosuen,129072,3362.666667
neonrock,23,28
myneonrock,13999,162.75
dustin_kst,175,23.22222222
danceinmycloset,237,46.5
larisacostea,79701,1311.5
misslisao,4522,51.58333333
feralcreature,450284,8129.083333
nanciemwai,27100,621.3333333
liamakrigeni,30774,554.75
itsnotthatdeep,1738,43.5
superwowomg,11649,232.5
soniaeryka,167579,3726.416667
ellemayleckenby,78003,3623.583333
ellemayleckenby,78003,3623.583333
redreidinghood,30340,667.8333333
diariodeestilo,22768,304.5833333
livpurvis,132739,3300.416667
thefrugality,94635,1568
wearetwinset,48504,614.8333333
dressyourguests,40076,365.6666667
ismat,15901,731.0833333
kittehinfurs,13633,395.0833333
cupcakesloveme,12731,265.0833333
fullerfigurefullerbust,132449,896.25
teerwayde,19945,140.6666667
pic_pixie,1218,41.16666667
nadiaaboulhosn,508224,11913.83333
bbwgeneration,17626,79.33333333
girlwithcurves,243478,3010.666667
kobi_jae,13055,295.9166667
withwonderandwhimsy,13084,167.75
curvesandchaos,12935,106.6666667
mariesouthardospina,16400,331
theadventurehandbook,67198,1404.333333
ilanusglazer,648862,30598.33333
evanrossell,8483,388.5833333
mallorybby,46649,1141.75
krystalschlegel,74174,980.1666667
smashleybell,612606,7971
brooklynblonde1,434561,5659.833333
dapperlou,85293,1678.75
eatsleepwear,212350,1460.333333
justinliv,214024,8349.083333
iamgalla,1962659,52730.16667
honestlywtf,110208,2343.5
theserenagoh,67881,2742.75
apairandaspare,164223,2816.5
tinaleung,111087,736.0833333
vnikali,26591,234.6666667
elleiconlee,64238,480.5833333
christingc,15773,170.8333333
popbee,74244,435.4166667
thewanderlister,15753,93.33333333
sabrinasikora,5316,115.5833333
dressvoice_yourvoice,3226,312.3333333
sprezzatura_eleganza,258,46.5
giusyadriano,352,20.08333333
nefnunofficial,1082,68.5
the.in.vogue,509,99.41666667
changeos_,1323,17.25
zaboufashion,206,21.66666667
altbl,1001,43.66666667
ugotmerocking,654,33.33333333
flagship_boutique,723,11.58333333
fashiionpage,1288,43.25
fh__0023,165,59.33333333
jlushdiaries,601,43.66666667
gallerycool_,8331,62.75
jeffvanleeuwen_imaging,292,104.4166667
youallover,878,32
cyntystephblogspot1,1220,35.41666667
cuttingedgekuching,3142,53.41666667
jeranfj,518,50.25
aylinstudiio,63961,152
mimitrend,12127,32.25
thisthingcalledfashionn,336,69.33333333
naijayarnz,71628,381
make_up_fashion_07,661,13.25
kotsy_,758,206.9166667
laviedepera,44,24.91666667
cristianocalzature,18025,72.33333333
_lxxkbxxk_,254,29.91666667
mz_lizzyy,920,62.66666667
ohmiloveit,20371,291.1666667
lacaprichossa,13352,172.5
street_style_paris,874339,6221.083333
mixtape_photography,2604,85.5
toasty_a,14947,1381
thestoribook,20908,182.4166667
michalexcc,2498,75.66666667
imaynotbefromla,1757,72.83333333
christina_coker,14494,317.1666667
casadecosmo,796,85.91666667
hauteintexas,4722,79.33333333
stylelushtv,4427,23.41666667
spursjesus,13864,312.3333333
karatapangan,2239,228.6666667
desaesthetic,3607,175.4166667
sanantoniotidbits,16226,81.25
spurscoyote,44353,2188
sergio.chapa,2376,88.58333333
bexargoods,105494,923.1666667
april_ancira,3229,94.25
cruzortizart,3316,93.16666667
colt_wrangler,3441,139.5833333
chamoycitylimits,6861,63.91666667
onelovephotogsatx,4949,117.8333333
keepsareal,5382,83.5
urbansanantonio,25839,435.6666667
saraglamgirl,1129,78.91666667
lonestarsouthern,130771,4107.583333
laurenconrad_com,904388,7477.5
forevermamou,1162,175.8333333
mariannnan,225535,5845.166667
kyla.shay,63493,2632.083333
claudiaalende,8452233,108755.0833
waseemstark,27466,1797.75
jenselter,10649970,202361.25
howaidadesigns,7676,18.91666667
deck_sotto,21789,401.3333333
shop.style.snap,15437,87.58333333
so___whatt,288615,7641.75
rvcjinsta,833633,8620.083333
nationtv22,56412,226.8333333
chamsko.pl,112498,4735.416667
ebadolrahman,69164,864.1666667
littleemilywang,12083,146.5
simplyabudhabi,95641,2440.083333
tatarstan_today,44385,638.75
giovane_gentile,7313,20.25
sacross,28094,3680.166667
letshoppingwithme,17256,12.58333333
brechocleta,19942,168.8333333
kekepalmer,4767790,34204.33333
chase,30016,255.4166667
blaireadiebee,982692,13196.33333
onesmallblonde,57928,1192.666667
fiftyshadesmovie,867134,45160.33333
beyonce,93689641,1842204
__viva_la_moda__,39085,685.1666667
riccardotisci17,1891676,13305
wwd,559381,1310.666667
callmesparkle,222,0.833333333
hellyluv,853154,13227.58333
bloggerphotographer,2893,127.6666667
hautehouseflower,46814,246.0833333
shewearsfashion,64253,548.4166667
pankaj_j_barua,1462,43.08333333
moreovercoffee,5829,66.66666667
2snapsandatwirl,10184,177.9166667
jaredragland,6043,120.6666667
arni_coraldo,228042,4548.5
mattblack_blackmatt,214772,2689.583333
neivy,19781,672.5
mrantooine,24456,308.3333333
timlampe,62757,669
meltjoeng,29868,427.6666667
joshualott,48208,778.3333333
reallykindofamazing,160061,3097.25
belebenard,31326,416.3333333
howdyluke,5283,156.9166667
nolabeings,21608,678.5833333
johnstanmeyer,235051,3563.916667
patricialaydorsey,22308,206.25
wideeyedlegless,125292,1830.083333
misvincent,387963,4354.916667
nothing_to_worry_about,43383,650.5833333
brettbrooner,58730,835.5
cherylestonge,7385,138.0833333
_spirits,37205,779.25
thomas_prior,49506,835
bengum,5305,225.9166667
robertwtobin,33327,248
waywardspark,28338,472.8333333
charlesmostoller,24202,175.3333333
jesse_burke,102536,288.5
kendrickbrinson,59256,201.5833333
thiswildidea,1251651,46127.33333
mattcrump,188608,4808.583333
ryan_thayne,22708,2758.666667
shanelavalette,10110,286
taylortippett,119749,2993.25
stacykranitz,101831,591.4166667
kevinmiyazaki,4564,146.75
manofmanytastes,56245,481.8333333
illhavethe,1869,89.25
camera_man1973,151,31.08333333
1firstimpressions,3301,23.08333333
riddhima_kollare,1458,37.41666667
smitashaofficial,5515,40.16666667
the_royal_couture,14837,92.5
saekotakahashi1122,1566,245.6666667
indianglamourboutique,17,1.416666667
mishael_marcia,1859,76.41666667
mahirisareesuk,1312,27.58333333
hansvats,510,65.25
chef_balqees,439478,102.1666667
sqwhat,1848658,23141.08333
elegant_divas,1650103,2088.333333
jahaze_aroos,209584,150.5
mapasekamokwele,52944,429.6666667
top.promote,19464,3.833333333
nailkaterina,70594,231.4166667
melynnlipstick,11734,16.91666667
thekeyofstyle,72700,2019.666667
thesilksneaker,19510,376.1666667
fidm,25415,609.5
nicolettareggio,175580,2282
youngadventuress,174525,3110.833333
allmyfriendsaremodels,56284,466.9166667
brandhorse,5606,4.916666667
hipstercrewau,4009,147.8333333
klasse14,111198,2228.833333
lacenheelsboutique,15195,69.25
storkotc,1394,34.83333333
