@styleheroine,0.00365556195924
@yasalamfashionblog,0.00171988042031
@helenabordon,-0.00417473110983
@tk_wonder,-0.006348337338
@eaemileeanne,0.0226911226586
@frassyaudrey,0.00586086101288
@dressingoutsidethebox,-0.0132858236303
@karenbritchick,-0.00278255324375
@styleontarget,-0.00327999548924
@kaitlinkkeegan,-0.00234018131369
@songofstyle,-0.00192537301244
@juliahengel,0.0007029245483
@sincerelyjules,-0.0037182082043
@peaceloveshea,0.0121540375058
@happilygrey,-0.00384898130265
@zanitazanita,-0.00607319923625
@weworewhat,0.000421959276007
@tuulavintage,0.0248521226826
@oliviapalermo,-0.00405935697301
@miraduma,-0.00289397722464
@vivaluxuryblog,-0.012177365539
@hellofashionblog,0.00249995515218
@kattanita,0.0159530477357
@walkinwonderland,-0.00126537591818
@caraloren,-0.017054236762
@lovelypepa,-0.0161009484145
@negin_mirsalehi,-0.0138588237705
@thassianaves,-0.00334782657323
@camilacoutinho,0.00779189389586
@whitneybearr,-0.020243331086
@the_salty_blonde,1.78444714932e-05
@littlemissfearlessblog,-0.00288264065491
@truelane,0.000318743622138
@donatella_versace,0.00527992470198
@ngoldenberg,-0.0145257075904
@kendalljenner,-0.00551180796711
@anna_dello_russo,0.00517998875075
@gigihadid,-0.0138918899917
@carineroitfeld,-0.00719307100557
@mertalas,-0.013046727127
@lenaperminova,-0.000333690894958
@privategg,-0.00608868430284
@bat_gio,-0.0074602866187
@whowhatwear,-0.00621492997614
@evachen212,-0.00626418718008
@mirandakerr,-0.0163430204297
@caradelevingne,-0.00188048079266
@veronikaheilbrunner,-0.00692683355275
@tommyton,0.0143657838215
@marieclaireuk,-0.0171357091218
@twitter,-0.00295635137942
@thehautepursuit,-0.00614332547911
@lucywilliams02,-0.00314362404681
@thefrugality,0.00553586930914
@adenorah,-0.00496936568737
@trineswardrobe,0.0197992836321
@yara_michels,-0.000982955643695
@anoukyve,0.000161628318471
@accordingtoblaire,0.0045306121448
@shalicenoel,-0.00451312307641
@loveandloathingla,-0.00638604214146
@kelsey_white,0.0290021886294
@helloitsroxie,0.0115164970828
@glamobserver,0.00621177740412
@luisafere,0.00781804255487
@gabifresh,-0.0227048796526
@nicolettemason,-0.00911498378729
@a_southerndrawl,-0.0014652453736
@meganrunionmcr,-0.00575497232724
@rumineely,-0.00575497232724
@alicezielasko,-0.00134579018481
@lateafternoon,-0.00242933914967
@lusttforlife,0.000106983739627
@theglamourai,-0.0101426611014
@sjpcollection,-0.0116034635706
@kenzasmg,0.0034666801807
@daphnemodeandthecity,-0.0056000662032
@adelinerapon,0.00445035316979
@eppcoline,-0.01420109255
@rozalia_russian,0.0118301676153
@rozalia.com.au,0.0310351462984
@fredrdgz,0.00627907437146
@marianodivaio,0.00892677548361
@oliworlds,-0.00556499621638
@oliviakijo,0.0203967642003
@thefashionaround,0.0203967642003
@matthewzorpas,0.00962733424629
@theglobalgirl,-0.0140556122674
@tini_tani,-0.0126962283074
@whichclothestoday,-0.00370327845114
@racheletnicole,0.0112984731544
@milexr,0.0112984731544
@luanna90,9.17392711792e-05
@littleblackboots,-0.00674285500694
@christophschaller,-0.00233984583142
@chicityfashion,0.00363607011349
@retroflame,0.00255542852891
@alexanderkenton,0.0023876659969
@gvozdishe,0.0023876659969
@larisacostea,-0.00248621026775
@myshowroomblog,-0.00323166046998
@feralcreature,-0.000821358457552
@superwowomg,-0.0148167625887
@soniaeryka,0.0103714481128
@ellemayleckenby,-0.000935425854727
@redreidinghood,0.0269387299217
@diariodeestilo,-0.000288415866229
@karxlina,-0.013458986501
@livpurvis,0.00321788105758
@inthefrow,-0.00329706033404
@erica_davies,0.00609331093025
@monicabeatrice,0.00746161392738
@dressyourguests,0.00751528638988
@kittehinfurs,0.000129835479453
@cupcakesloveme,-0.00536971164496
@fullerfigurefullerbust,-0.00731995354766
@teerwayde,-0.0033550039426
@nadiaaboulhosn,-0.00170130853744
@itsmekellieb,-0.00240646482797
@bbwgeneration,-0.00350939183182
@girlwithcurves,-0.00305770777963
@kobi_jae,-0.00390148406154
@cleofernandes,-0.0165025413046
@curvesandchaos,-0.012336532638
@mariesouthardospina,-0.0122680098067
@epiclylaterd,0.00724913394241
@ilanusglazer,0.00104860664982
@mallorybby,0.0059866910224
@krystalschlegel,0.00340093692775
@nanysklozet,0.00386936354288
@princepelayo,-0.0075363490253
@troprouge,-0.0211111774243
@smashleybell,-0.00515337676596
@brooklynblonde1,-0.00187480859983
@oh_anthonio,0.00150345577208
@clairegeist,-0.0107396409448
@justinliv,-0.00716558120557
@blaireadiebee,0.00775612561722
@iamgalla,0.00158438446209
@apairandaspare,-0.00314505165943
@tinaleung,-0.00664856277927
@cindiddy,-0.0116223129934
@vnikali,-0.00899065200658
@elleiconlee,0.00390988566457
@christingc,0.00537136582876
@popbee,-0.00780035564007
@thewanderlister,-0.0075808886651
@youmnaelshafeiy_makeupartist,-0.0163958756514
@aylinstudiio,-0.0163958756514
@mimitrend,-0.019360253463
@naijayarnz,5.47391042679e-05
@cristianocalzature,-0.00966599934791
@ohmiloveit,-0.0188749075859
@lacaprichossa,-0.0210682280146
@street_style_paris,-0.0136692310823
@toasty_a,0.00318519612923
@sanantoniotidbits,0.0056395880917
@spurscoyote,0.00710259613445
@bexargoods,0.00541978967018
@igsanantonio,0.0105064532967
@lonestarsouthern,0.00553957208878
@kyla.shay,0.00224862442131
@claudiaalende,4.81305563081e-05
@waseemstark,-0.0174255073154
@jenselter,0.0066881853037
@deck_sotto,-0.0186622385173
@shop.style.snap,0.0103193699931
@so___whatt,0.0103193699931
@cornetmamabolo,0.00244612835254
@iilove.closet,5.5973984343e-05
@chamsko.pl,0.000775426996681
@ebadolrahman,0.000775426996681
@sacross,-0.00973704732425
@walterwanderleytv,0.00761653091117
@letshoppingwithme,-0.00762079302438
@julietangus,-0.00793512862297
@fiftyshadesmovie,-0.0155219074093
@discodaydream,0.00695593803916
@thestyleclubla,-0.00436472294795
@beyonce,-0.0132749369989
@cocoloco_girl,0.0124125929005
@__viva_la_moda__,-0.028268838266
@fashiondesfemmes,-0.0140403533316
@riccardotisci17,-0.0251104293396
@givenchyofficial,-0.010744142105
@wwd,-0.0137085069425
@careergirldaily,0.00278260691645
@chrisellelim,0.00335177898161
@char1es,-0.00207358299602
@thebalibible,-0.00728630114715
@shewearsfashion,0.00189173715456
@caraasantana,-0.00109163668652
@2snapsandatwirl,0.0122809724974
@ninarobinsonnyc,0.000328427239863
@mattblack_blackmatt,-0.0192853798642
@mattslaby,-0.00845659079912
@bythebrush,-0.00879576268595
@mrantooine,0.0349469057124
@timlampe,0.0086804760203
@meltjoeng,-0.00945846725914
@camrindengel,0.0055825525241
@joshualott,0.00237211779555
@skylerwagoner,0.00385703679428
@belebenard,0.0235384025623
@aabbyylou,0.00141574144669
@bydvnlln,-0.000957932931095
@johnstanmeyer,-0.00638486936639
@patricialaydorsey,0.00165278783069
@wideeyedlegless,-0.00267033002752
@misvincent,0.00408909495432
@brettbrooner,-0.0109646247862
@johnnylace,0.0203215468878
@stellamariabaer,0.0103272802989
@thomas_prior,0.00859503605513
@robertwtobin,-0.0161494157962
@waywardspark,-0.00603710110111
@charlesmostoller,-0.000672685476925
@jesse_burke,0.0074947734535
@kendrickbrinson,-0.0121579244762
@thesdcowgirl,-0.00780448712838
@thiswildidea,0.000802972596409
@mattcrump,0.00120474663759
@ryan_thayne,-0.00308812510011
@shanelavalette,-0.00308812510011
@taylortippett,-0.000855497584972
@stacykranitz,-0.00337593528407
@manofmanytastes,-0.000408101754375
@morgansmith,0.00930552049314
@elegant_attire,-0.00556771099064
@chef_balqees,-0.00556771099064
@elegant_divas,-0.0141834060062
@mapasekamokwele,0.00934579674479
@top.promote,-0.00567067563303
@hendriansyah76_official,0.00425098892713
@melynnlipstick,-0.037699785732
@thekeyofstyle,0.0329609258782
@thesilksneaker,0.0101458153208
@fidm,0.00486744051839
@nicolettareggio,-0.0176639747661
@youngadventuress,-0.002270169404
@holsterfashion,-0.0144690933139
@klasse14,-0.0279695937656
@lacenheelsboutique,-0.00285015529734
