@styleheroine,0.00392812362153
@yasalamfashionblog,-0.00343353803726
@helenabordon,-0.0143781662286
@tk_wonder,-0.00887391698524
@eaemileeanne,0.00554329989367
@frassyaudrey,-0.00231430980347
@dressingoutsidethebox,0.00435306627994
@karenbritchick,-0.0203168016692
@styleontarget,-0.0148778229347
@kaitlinkkeegan,-0.00346956496264
@songofstyle,-0.00241156368595
@juliahengel,-0.0176835053102
@sincerelyjules,0.000355686640306
@peaceloveshea,-0.00793023657451
@happilygrey,-0.0158805966979
@zanitazanita,-0.0062560551155
@weworewhat,-0.0260517832094
@tuulavintage,-0.00657719670127
@oliviapalermo,-0.00457314796911
@miraduma,-0.00300344520134
@vivaluxuryblog,-0.0149157577622
@hellofashionblog,-0.0140466084416
@kattanita,-0.0160027322618
@walkinwonderland,0.00997664081216
@caraloren,-0.0153543328663
@lovelypepa,-0.0263581111751
@negin_mirsalehi,-0.00609232952472
@thassianaves,-0.0233342667396
@camilacoutinho,0.0208962931548
@whitneybearr,-0.0267806096708
@the_salty_blonde,0.00229099166997
@littlemissfearlessblog,0.00221487669348
@truelane,-0.0112262624678
@donatella_versace,0.00280477085699
@ngoldenberg,-0.0219218305923
@kendalljenner,0.00165419654011
@anna_dello_russo,0.00542809267662
@gigihadid,-0.0148621224432
@carineroitfeld,-0.0066678684434
@mertalas,-0.0205959126438
@lenaperminova,-0.00329696153547
@privategg,-0.0240909918811
@bat_gio,-0.0179765754973
@whowhatwear,0.000938737928059
@evachen212,-0.0117024362073
@mirandakerr,-0.0175530389893
@caradelevingne,-0.0217498986611
@veronikaheilbrunner,-0.0176326777029
@tommyton,-0.0046630746302
@marieclaireuk,-0.0211179250318
@twitter,-0.0122101894961
@thehautepursuit,-0.0138612624995
@lucywilliams02,-0.000602225916086
@thefrugality,0.00864591568607
@adenorah,-0.01405139524
@trineswardrobe,0.00149214130841
@yara_michels,-0.0140544097842
@anoukyve,-0.00901119702605
@accordingtoblaire,0.0013860505299
@shalicenoel,-0.00504718795601
@loveandloathingla,0.00465946489932
@kelsey_white,-0.00093406568735
@helloitsroxie,-0.00768034935386
@glamobserver,0.00378415853127
@luisafere,-0.00178190817935
@gabifresh,-0.0209618965788
@nicolettemason,0.00816710239219
@a_southerndrawl,-0.00615141723675
@meganrunionmcr,-0.0149928025564
@rumineely,-0.0149928025564
@alicezielasko,0.00365080684905
@lateafternoon,-0.00560787200711
@lusttforlife,-0.0144613992548
@theglamourai,-0.0217674363579
@sjpcollection,-0.00658572266909
@kenzasmg,-0.00691100583806
@daphnemodeandthecity,-0.00996695437825
@adelinerapon,0.0888185376167
@eppcoline,-0.00812134773528
@rozalia_russian,0.00517221553887
@rozalia.com.au,0.034313277795
@fredrdgz,-0.00827664016551
@marianodivaio,-0.00827498910416
@oliworlds,0.00697525905858
@oliviakijo,0.0158942884977
@thefashionaround,0.0158942884977
@matthewzorpas,-0.00319416444935
@theglobalgirl,-0.0259451789503
@tini_tani,-0.0105408356107
@whichclothestoday,-0.0257459558946
@racheletnicole,-0.0074833145651
@milexr,-0.0074833145651
@luanna90,-0.00812013091988
@littleblackboots,-0.00340095967092
@christophschaller,-0.013826298732
@chicityfashion,0.0202085355729
@retroflame,0.00471098972626
@alexanderkenton,0.00651413894726
@gvozdishe,0.00651413894726
@larisacostea,-0.0100724072663
@myshowroomblog,0.00561805102746
@feralcreature,0.00240633775219
@superwowomg,-0.0201163304795
@soniaeryka,0.0124126327473
@ellemayleckenby,0.00933270465337
@redreidinghood,0.0201850138144
@diariodeestilo,0.00401798627613
@karxlina,-0.0422406357207
@livpurvis,0.00330868907329
@inthefrow,0.00121624311766
@erica_davies,0.00280309796495
@monicabeatrice,0.00514347441623
@dressyourguests,0.010515631666
@kittehinfurs,-0.00485382334994
@cupcakesloveme,-0.0230292329732
@fullerfigurefullerbust,-0.00449916796236
@teerwayde,-0.00900168913658
@nadiaaboulhosn,-0.0109456733399
@itsmekellieb,0.00525966177827
@bbwgeneration,-0.00577335259048
@girlwithcurves,-0.00642303397533
@kobi_jae,-0.00701546208611
@cleofernandes,-0.0208333359447
@curvesandchaos,-0.0168854302232
@mariesouthardospina,0.00579114125241
@epiclylaterd,-0.0103583715326
@ilanusglazer,0.000838961680476
@mallorybby,0.00634716798708
@krystalschlegel,0.00719209968109
@nanysklozet,0.0130022960712
@princepelayo,-0.0106053465222
@troprouge,-0.0120987148134
@smashleybell,-0.0302145318158
@brooklynblonde1,0.00426560295937
@oh_anthonio,-0.00416296497805
@clairegeist,-0.0308356429172
@justinliv,-0.00353918291568
@blaireadiebee,0.00566778738384
@iamgalla,0.000763417210305
@apairandaspare,0.00352732950175
@tinaleung,-0.0139811942463
@cindiddy,-0.00905345558498
@vnikali,-0.0215059707022
@elleiconlee,0.00603377020955
@christingc,-0.0100847388619
@popbee,-0.00390545383459
@thewanderlister,-0.00353412514023
@youmnaelshafeiy_makeupartist,0.00327793778773
@aylinstudiio,0.00327793778773
@mimitrend,-0.0265558496041
@naijayarnz,0.00662173231734
@cristianocalzature,-0.00390511229486
@ohmiloveit,-0.00636398158445
@lacaprichossa,-0.0080970205514
@street_style_paris,0.012319549613
@toasty_a,0.0116710765083
@sanantoniotidbits,-0.00270127543986
@spurscoyote,0.0121719077397
@bexargoods,0.000394849298274
@igsanantonio,0.0129946660856
@lonestarsouthern,0.00518088293021
@kyla.shay,-0.020064083338
@claudiaalende,0.00414749412467
@waseemstark,-0.0276850271489
@jenselter,0.0139704939279
@deck_sotto,-0.0357121883148
@shop.style.snap,-0.00205349757808
@so___whatt,-0.00205349757808
@cornetmamabolo,0.0160594953364
@iilove.closet,-0.04770826397
@chamsko.pl,-0.0163792759131
@ebadolrahman,-0.0163792759131
@sacross,-0.00849324783331
@walterwanderleytv,-0.000326061115693
@letshoppingwithme,-0.0259019216305
@julietangus,-0.0071243235483
@fiftyshadesmovie,0.00646244863626
@discodaydream,0.0120780645962
@thestyleclubla,-0.00663053762605
@beyonce,-0.0200820748847
@cocoloco_girl,-0.0283820630383
@__viva_la_moda__,-0.00276713705191
@fashiondesfemmes,-0.0219001560452
@riccardotisci17,-0.0220447633087
@givenchyofficial,-0.0170035321318
@wwd,-0.0113067883515
@careergirldaily,0.0103545844919
@chrisellelim,0.0054111728002
@char1es,0.00162406029494
@thebalibible,-0.0252505360273
@shewearsfashion,0.00359552842012
@caraasantana,0.00295206981643
@2snapsandatwirl,0.00208244741181
@ninarobinsonnyc,-0.0025001038195
@mattblack_blackmatt,-0.0344874744707
@mattslaby,-0.0112348389524
@bythebrush,-0.0113525583094
@mrantooine,0.0156909964675
@timlampe,0.0207154786652
@meltjoeng,-0.0207706444582
@camrindengel,-0.0201619877292
@joshualott,-0.0245398912216
@skylerwagoner,-0.0105406981804
@belebenard,0.0010310506822
@aabbyylou,-0.000854614558058
@bydvnlln,-0.00933746328013
@johnstanmeyer,-0.00571496094764
@patricialaydorsey,-0.00272050815555
@wideeyedlegless,-0.00483587028368
@misvincent,0.00740721033387
@brettbrooner,-0.0150441491525
@johnnylace,0.00567425785918
@stellamariabaer,0.0144651376088
@thomas_prior,-0.00957407522713
@robertwtobin,-0.0163285413543
@waywardspark,-0.000713221287712
@charlesmostoller,-0.0468754928076
@jesse_burke,-0.00342654319733
@kendrickbrinson,0.00477543482689
@thesdcowgirl,-0.00911450500146
@thiswildidea,-0.00697747606244
@mattcrump,0.00580346587929
@ryan_thayne,-0.0220973888065
@shanelavalette,-0.0220973888065
@taylortippett,0.00113128052514
@stacykranitz,0.0150285440147
@manofmanytastes,-0.00687517345782
@morgansmith,0.000922727967575
@elegant_attire,0.00865520493864
@chef_balqees,0.00865520493864
@elegant_divas,-0.00191844840756
@mapasekamokwele,-0.0146740997835
@top.promote,-0.0173918203853
@hendriansyah76_official,-0.0169262340129
@melynnlipstick,-0.0274818256988
@thekeyofstyle,0.0524925545002
@thesilksneaker,0.0133433342783
@fidm,0.0178097070088
@nicolettareggio,-0.0098482836267
@youngadventuress,-0.00292115936411
@holsterfashion,-0.0176641034157
@klasse14,-0.0208701500619
@lacenheelsboutique,-0.0226339062412
