@styleheroine,-0.0184495651454
@yasalamfashionblog,0.00151348844539
@helenabordon,0.0140998243908
@tk_wonder,0.00702812603849
@eaemileeanne,-0.00207468890257
@frassyaudrey,0.00872432709844
@dressingoutsidethebox,-0.00201349706752
@karenbritchick,0.0159940319797
@styleontarget,0.001151354685
@kaitlinkkeegan,-0.0155452076795
@songofstyle,0.00795361302261
@juliahengel,0.0064748552255
@sincerelyjules,0.0145626604493
@peaceloveshea,-0.0168090450665
@happilygrey,-0.000547535405014
@zanitazanita,0.00318877038329
@weworewhat,0.0241284190387
@tuulavintage,-0.0147687617484
@oliviapalermo,0.00138441095475
@miraduma,0.00713212835652
@vivaluxuryblog,0.0172198345377
@hellofashionblog,0.0311362772024
@kattanita,0.014825547236
@walkinwonderland,0.0106696489509
@caraloren,0.032707425294
@lovelypepa,0.0163772526469
@negin_mirsalehi,0.00685624568921
@thassianaves,0.024119073899
@camilacoutinho,-0.0218171096195
@whitneybearr,0.022198526189
@the_salty_blonde,-0.000585159084709
@littlemissfearlessblog,0.00478420948507
@truelane,0.00570037267093
@donatella_versace,0.0139572081986
@ngoldenberg,0.0284267676897
@kendalljenner,0.0219039460596
@anna_dello_russo,0.00511248849382
@gigihadid,0.0229701490822
@carineroitfeld,0.00300389765461
@mertalas,0.0167192536976
@lenaperminova,0.00569230174135
@privategg,0.0120774446797
@bat_gio,0.00299779651276
@whowhatwear,0.00884898065481
@evachen212,0.000859924334445
@mirandakerr,-0.000789419730025
@caradelevingne,0.021707612305
@veronikaheilbrunner,0.0221629563279
@tommyton,0.00796861026087
@marieclaireuk,0.00495454785254
@twitter,0.0118430038719
@thehautepursuit,0.00827767535855
@lucywilliams02,0.00575636284309
@thefrugality,-0.00206375376314
@adenorah,0.0164690892915
@trineswardrobe,-0.00753051324232
@yara_michels,0.00995348267724
@anoukyve,0.0106900757849
@accordingtoblaire,0.00297470778361
@shalicenoel,0.0204358632388
@loveandloathingla,0.0127631737958
@kelsey_white,0.0271147548342
@helloitsroxie,0.0106602826334
@glamobserver,-0.00237141639502
@luisafere,-0.00106390143786
@gabifresh,0.0157628993203
@nicolettemason,0.0161652595684
@a_southerndrawl,0.0204302499192
@meganrunionmcr,0.0134530176429
@rumineely,0.0134530176429
@alicezielasko,-0.0048221956815
@lateafternoon,0.0014306992579
@lusttforlife,0.00985349245932
@theglamourai,0.00833947201616
@sjpcollection,-0.000109182955218
@kenzasmg,0.00431494671471
@daphnemodeandthecity,0.00931938005304
@adelinerapon,-0.0197294400067
@eppcoline,0.00954513850754
@rozalia_russian,-0.00926885031711
@rozalia.com.au,-0.0208882489311
@fredrdgz,0.00321701273023
@marianodivaio,0.0122030012464
@oliworlds,0.00512631879509
@oliviakijo,0.00183756397886
@thefashionaround,0.00183756397886
@matthewzorpas,0.00447140533216
@theglobalgirl,0.0127155549329
@tini_tani,0.0064087300726
@whichclothestoday,0.010629024102
@racheletnicole,0.00570857409686
@milexr,0.00570857409686
@luanna90,0.00386601718325
@littleblackboots,-0.00284862443708
@christophschaller,0.0143334732788
@chicityfashion,0.0107499416164
@retroflame,0.00301301451577
@alexanderkenton,0.00429705080021
@gvozdishe,0.00429705080021
@larisacostea,0.0136863050335
@myshowroomblog,-0.00110690199515
@feralcreature,0.000769958609861
@superwowomg,0.00905692561093
@soniaeryka,0.010816373569
@ellemayleckenby,0.000460128804772
@redreidinghood,-0.0083073248345
@diariodeestilo,0.0125223980797
@karxlina,0.0231140050224
@livpurvis,0.00589820785616
@inthefrow,0.00548901539348
@erica_davies,0.00899038622298
@monicabeatrice,0.00549523816009
@dressyourguests,-0.00332117449974
@kittehinfurs,0.00416095911102
@cupcakesloveme,0.0237498291015
@fullerfigurefullerbust,0.0149336025296
@teerwayde,0.00349991362424
@nadiaaboulhosn,0.00300762961315
@itsmekellieb,0.00677617906261
@bbwgeneration,0.00758329651948
@girlwithcurves,0.0145345450842
@kobi_jae,0.00597213136671
@cleofernandes,0.000815705230568
@curvesandchaos,0.00744922604389
@mariesouthardospina,-0.00925284384045
@epiclylaterd,0.00756856252923
@ilanusglazer,0.00259859547263
@mallorybby,0.00751880042441
@krystalschlegel,0.00147352216044
@nanysklozet,0.00123303864462
@princepelayo,0.0162949335918
@troprouge,0.0184177740465
@smashleybell,0.0132806300314
@brooklynblonde1,0.0100840875726
@oh_anthonio,0.0138464738054
@clairegeist,0.0224642472348
@justinliv,0.0126587661577
@blaireadiebee,0.0110848576184
@iamgalla,-0.00296567598645
@apairandaspare,-0.0115306267903
@tinaleung,0.00676724349746
@cindiddy,0.032084198455
@vnikali,0.0192615261439
@elleiconlee,0.00962294351403
@christingc,-0.00272317191287
@popbee,-0.0208501978942
@thewanderlister,0.0109593885856
@youmnaelshafeiy_makeupartist,-0.00305272123852
@aylinstudiio,-0.00305272123852
@mimitrend,0.00761151529759
@naijayarnz,0.000449712630966
@cristianocalzature,0.000449296984805
@ohmiloveit,0.0233448225044
@lacaprichossa,0.0128137494366
@street_style_paris,-0.00652057646281
@toasty_a,0.00474648147338
@sanantoniotidbits,0.00581353356631
@spurscoyote,-0.0101923992932
@bexargoods,-0.0194507917111
@igsanantonio,-0.00901974929137
@lonestarsouthern,0.007409753462
@kyla.shay,0.0020810397813
@claudiaalende,0.00208475254392
@waseemstark,0.0108639042101
@jenselter,-0.000814150722235
@deck_sotto,0.0201246345918
@shop.style.snap,-0.01203673229
@so___whatt,-0.01203673229
@cornetmamabolo,-0.00149821485444
@iilove.closet,-0.027996659171
@chamsko.pl,0.00711199241952
@ebadolrahman,0.00711199241952
@sacross,0.0148458676846
@walterwanderleytv,-0.00396292025792
@letshoppingwithme,0.0192724340755
@julietangus,0.0120457240808
@fiftyshadesmovie,-0.000761515010487
@discodaydream,-0.00381454762096
@thestyleclubla,0.0204017017709
@beyonce,0.00476019816939
@cocoloco_girl,0.0246573569229
@__viva_la_moda__,0.00980844870126
@fashiondesfemmes,-0.00877826629515
@riccardotisci17,0.0320258032395
@givenchyofficial,0.0191894341939
@wwd,0.00370643629762
@careergirldaily,0.0182736160898
@chrisellelim,0.00407529290349
@char1es,0.00430752286901
@thebalibible,0.0110295200747
@shewearsfashion,0.00784351004276
@caraasantana,-0.0037020088886
@2snapsandatwirl,-0.014239254237
@ninarobinsonnyc,0.00259986873472
@mattblack_blackmatt,0.00416062911967
@mattslaby,0.0042354133005
@bythebrush,0.000812555538814
@mrantooine,-0.016609326664
@timlampe,-0.00833370781033
@meltjoeng,0.0165512718583
@camrindengel,0.0152049806341
@joshualott,0.0084612017673
@skylerwagoner,0.00566330946052
@belebenard,-0.0181073318882
@aabbyylou,0.0050537226102
@bydvnlln,0.0100095104822
@johnstanmeyer,-0.000422149132707
@patricialaydorsey,0.0100065157787
@wideeyedlegless,0.00238963673111
@misvincent,-0.00768334595193
@brettbrooner,0.0129398314772
@johnnylace,-0.0277129747155
@stellamariabaer,-0.00285877421226
@thomas_prior,-0.0109416043448
@robertwtobin,0.0261549280783
@waywardspark,0.0140271264355
@charlesmostoller,-0.00192442700966
@jesse_burke,0.0154075905494
@kendrickbrinson,0.00964578124843
@thesdcowgirl,0.00616099392059
@thiswildidea,0.00228654674881
@mattcrump,-0.000165671331948
@ryan_thayne,-0.000937441688982
@shanelavalette,-0.000937441688982
@taylortippett,0.00892858546407
@stacykranitz,0.0151027412608
@manofmanytastes,0.000752547539316
@morgansmith,0.00957712679976
@elegant_attire,-0.00227108139061
@chef_balqees,-0.00227108139061
@elegant_divas,0.00836156715116
@mapasekamokwele,0.0117121637622
@top.promote,0.00871431137363
@hendriansyah76_official,0.0215555161327
@melynnlipstick,0.0276755706462
@thekeyofstyle,0.013512293982
@thesilksneaker,-0.0054344009247
@fidm,0.0107548225565
@nicolettareggio,0.000234185407015
@youngadventuress,0.00268013626463
@holsterfashion,0.0110224642961
@klasse14,0.0143015969899
@lacenheelsboutique,0.014466902446
