@styleheroine,-0.00963253051215
@yasalamfashionblog,0.012644294984
@helenabordon,-0.00190369569338
@tk_wonder,0.0183431803743
@eaemileeanne,0.0155930860362
@frassyaudrey,0.0168069447101
@dressingoutsidethebox,0.00508353018955
@karenbritchick,0.023714888186
@styleontarget,0.0147407864283
@kaitlinkkeegan,0.0156685264811
@songofstyle,0.00895674183429
@juliahengel,0.0204003691641
@sincerelyjules,0.0159162908927
@peaceloveshea,0.0118849731345
@happilygrey,0.0110824030263
@zanitazanita,0.0212955498215
@weworewhat,0.0276662094037
@tuulavintage,0.0109118621512
@oliviapalermo,0.0228287323316
@miraduma,0.00386216722427
@vivaluxuryblog,0.0266935919437
@hellofashionblog,0.0248804767563
@kattanita,0.0177128832423
@walkinwonderland,0.00953311603079
@caraloren,0.0265114644866
@lovelypepa,0.0119095604353
@negin_mirsalehi,0.0130812772306
@thassianaves,0.0227159579507
@camilacoutinho,-0.0040919179066
@whitneybearr,0.0289197453024
@the_salty_blonde,0.0148633044453
@littlemissfearlessblog,0.0112067239929
@truelane,0.0179995682918
@donatella_versace,0.0195235995092
@ngoldenberg,0.0290739128788
@kendalljenner,0.0123311293445
@anna_dello_russo,0.020574113932
@gigihadid,0.0162481446248
@carineroitfeld,0.0222130389279
@mertalas,0.0111818318467
@lenaperminova,0.0111129404627
@privategg,0.0143987690245
@bat_gio,0.0123270714486
@whowhatwear,0.0141874005831
@evachen212,0.016538616595
@mirandakerr,0.0102019011106
@caradelevingne,0.0258015637841
@veronikaheilbrunner,0.0187193634282
@tommyton,0.0164341357083
@marieclaireuk,0.0245082772506
@twitter,0.0388834063128
@thehautepursuit,0.0137137717125
@lucywilliams02,0.0162841810131
@thefrugality,0.0235250321749
@adenorah,0.0142032314705
@trineswardrobe,0.00785910699525
@yara_michels,0.0156920633594
@anoukyve,0.00450429662893
@accordingtoblaire,0.0118906555634
@shalicenoel,0.0209444930044
@loveandloathingla,0.0154509775696
@kelsey_white,0.0106784911157
@helloitsroxie,0.0183440457607
@glamobserver,0.00538634554966
@luisafere,0.0149748122883
@gabifresh,0.00794475100764
@nicolettemason,0.0249325191052
@a_southerndrawl,0.0240959264971
@meganrunionmcr,0.0208228555594
@rumineely,0.0208228555594
@alicezielasko,0.0106991745418
@lateafternoon,0.00781658854846
@lusttforlife,0.0157443674778
@theglamourai,0.0241116642142
@sjpcollection,0.00380698717317
@kenzasmg,0.0122991159136
@daphnemodeandthecity,0.0203869190206
@adelinerapon,0.0186680945553
@eppcoline,0.02847083604
@rozalia_russian,0.00529116511368
@rozalia.com.au,0.0132999524787
@fredrdgz,0.00838997086881
@marianodivaio,0.0190402550412
@oliworlds,0.0121729959432
@oliviakijo,0.0215168348391
@thefashionaround,0.0215168348391
@matthewzorpas,0.0129786284296
@theglobalgirl,0.00769357510058
@tini_tani,0.0128606375268
@whichclothestoday,0.0142832011723
@racheletnicole,0.0131938300594
@milexr,0.0131938300594
@luanna90,0.0176490594362
@littleblackboots,0.0110435986481
@christophschaller,0.0296518516323
@chicityfashion,0.0373175305942
@retroflame,0.00630032419436
@alexanderkenton,0.0154496835648
@gvozdishe,0.0154496835648
@larisacostea,0.0162007832598
@myshowroomblog,0.022514130818
@feralcreature,0.0177518438048
@superwowomg,0.0225624162749
@soniaeryka,0.0183674202062
@ellemayleckenby,0.0136029411694
@redreidinghood,0.00742637164631
@diariodeestilo,0.0284738936216
@karxlina,0.0345916572457
@livpurvis,0.0104301259558
@inthefrow,0.0166299790079
@erica_davies,0.0136944859369
@monicabeatrice,0.00743949046111
@dressyourguests,0.0108788818417
@kittehinfurs,0.0114800063981
@cupcakesloveme,0.0221409442586
@fullerfigurefullerbust,0.0201125223394
@teerwayde,0.0113283750037
@nadiaaboulhosn,0.021639321157
@itsmekellieb,0.0229698194489
@bbwgeneration,0.0181174243127
@girlwithcurves,0.0220683949698
@kobi_jae,0.0194822789542
@cleofernandes,0.0239261004899
@curvesandchaos,0.0205326237244
@mariesouthardospina,0.00695415055751
@epiclylaterd,0.0116347017069
@ilanusglazer,0.0165090780617
@mallorybby,0.00672127507992
@krystalschlegel,0.023098673227
@nanysklozet,0.0162621383097
@princepelayo,0.0291640862309
@troprouge,0.0318490960786
@smashleybell,0.0127006636388
@brooklynblonde1,0.0121958224683
@oh_anthonio,0.0169243663475
@clairegeist,0.0261840981088
@justinliv,0.013443270389
@blaireadiebee,0.0134510787891
@iamgalla,0.0213627649486
@apairandaspare,0.0144337604651
@tinaleung,0.0181335393659
@cindiddy,0.0252120582394
@vnikali,0.0215138936915
@elleiconlee,0.0249691542003
@christingc,0.0134393434483
@popbee,-0.00177761270189
@thewanderlister,0.0210321295314
@youmnaelshafeiy_makeupartist,0.0182819665247
@aylinstudiio,0.0182819665247
@mimitrend,0.0106098679547
@naijayarnz,0.014119577798
@cristianocalzature,0.0111043119726
@ohmiloveit,-0.00216149426821
@lacaprichossa,0.0222431082139
@street_style_paris,0.00140192339355
@toasty_a,0.0138823699091
@sanantoniotidbits,0.0192041522909
@spurscoyote,0.0141241955884
@bexargoods,0.00250318231451
@igsanantonio,0.00336405885184
@lonestarsouthern,0.0116614372981
@kyla.shay,0.018314557261
@claudiaalende,0.0344881509628
@waseemstark,0.0183221411868
@jenselter,0.00516711663587
@deck_sotto,0.0257618164448
@shop.style.snap,0.00144525107431
@so___whatt,0.00144525107431
@cornetmamabolo,0.0049101003723
@iilove.closet,0.0650268411407
@chamsko.pl,0.0129562856674
@ebadolrahman,0.0129562856674
@sacross,0.0135214459665
@walterwanderleytv,-0.000429252620067
@letshoppingwithme,0.0202078724142
@julietangus,0.0244752049849
@fiftyshadesmovie,0.0279887575084
@discodaydream,0.0144603197187
@thestyleclubla,0.0219062973069
@beyonce,0.0118105270521
@cocoloco_girl,0.0283709444535
@__viva_la_moda__,-0.00553761363105
@fashiondesfemmes,0.00246275571983
@riccardotisci17,0.0145309688804
@givenchyofficial,0.0199295057688
@wwd,0.0205594157278
@careergirldaily,0.0158299467146
@chrisellelim,0.016967751367
@char1es,0.00928703136396
@thebalibible,0.0381772585839
@shewearsfashion,0.0136712850516
@caraasantana,0.00585005787781
@2snapsandatwirl,0.00472683168607
@ninarobinsonnyc,0.0315255220961
@mattblack_blackmatt,0.0256228945522
@mattslaby,0.0360726983732
@bythebrush,0.0180476783448
@mrantooine,-0.0218628795482
@timlampe,0.0130944325463
@meltjoeng,0.0195409216393
@camrindengel,0.0196185537096
@joshualott,0.0152186976534
@skylerwagoner,0.0160075006921
@belebenard,0.0113781426648
@aabbyylou,0.0073077490724
@bydvnlln,0.0235777178446
@johnstanmeyer,0.0126042239698
@patricialaydorsey,0.01824244498
@wideeyedlegless,0.0164574877583
@misvincent,0.0198576816297
@brettbrooner,0.0113316810229
@johnnylace,-0.0113539223431
@stellamariabaer,0.00463692546202
@thomas_prior,0.00268585761505
@robertwtobin,0.0279186618486
@waywardspark,0.0188599724841
@charlesmostoller,0.0425654190164
@jesse_burke,0.0213004223403
@kendrickbrinson,0.00759079772685
@thesdcowgirl,0.016754350873
@thiswildidea,0.01075114014
@mattcrump,0.013688866961
@ryan_thayne,0.0143703402862
@shanelavalette,0.0143703402862
@taylortippett,0.0187342645463
@stacykranitz,0.0147019536398
@manofmanytastes,0.00994170151522
@morgansmith,0.0165129694698
@elegant_attire,0.0143047163517
@chef_balqees,0.0143047163517
@elegant_divas,-0.00532888717505
@mapasekamokwele,0.0141848773419
@top.promote,0.0101192121152
@hendriansyah76_official,0.0230832237298
@melynnlipstick,0.0313259931571
@thekeyofstyle,-0.00021158727775
@thesilksneaker,0.00884850107368
@fidm,0.0125539400195
@nicolettareggio,0.00623044095122
@youngadventuress,0.0190550843321
@holsterfashion,0.0253564959274
@klasse14,0.0182974537252
@lacenheelsboutique,0.0117091090785
