@styleheroine,-0.0141263769393
@yasalamfashionblog,0.00627855409101
@helenabordon,-0.00665271368254
@tk_wonder,0.00118870606193
@eaemileeanne,-0.000630625222945
@frassyaudrey,0.00100598825178
@dressingoutsidethebox,-0.00196629825758
@karenbritchick,-0.000914496508323
@styleontarget,0.0274798922108
@kaitlinkkeegan,0.00810608805849
@songofstyle,0.0118726605806
@juliahengel,-0.00566626258936
@sincerelyjules,-0.0108724998503
@peaceloveshea,-0.0169423701333
@happilygrey,-0.00278243717545
@zanitazanita,-0.0103837234174
@weworewhat,0.00737315117914
@tuulavintage,-0.00781799309234
@oliviapalermo,-0.0104522137409
@miraduma,-0.0126254056991
@vivaluxuryblog,0.00140431192111
@hellofashionblog,0.00627631476928
@kattanita,-0.00394313079086
@walkinwonderland,0.00288514270431
@caraloren,0.00966874755413
@lovelypepa,0.0139264555055
@negin_mirsalehi,0.00478324890086
@thassianaves,-0.00748450598177
@camilacoutinho,-0.0186017503765
@whitneybearr,0.0126064843851
@the_salty_blonde,-0.00395753075759
@littlemissfearlessblog,-0.0129512074467
@truelane,0.00446740611576
@donatella_versace,0.00607544080095
@ngoldenberg,-0.000932785657682
@kendalljenner,0.00105178087089
@anna_dello_russo,0.00391427257628
@gigihadid,0.0110480392839
@carineroitfeld,-0.0106277502107
@mertalas,-0.00229758033033
@lenaperminova,-0.00938790132747
@privategg,0.0233162295447
@bat_gio,-0.00649672545145
@whowhatwear,-0.00885592851753
@evachen212,0.00290108821072
@mirandakerr,0.00953043257042
@caradelevingne,0.0132084861052
@veronikaheilbrunner,0.00847699835975
@tommyton,0.00618528651429
@marieclaireuk,0.0104942317606
@twitter,-0.0129579132455
@thehautepursuit,0.00249759694712
@lucywilliams02,-0.00274681399803
@thefrugality,-0.0062153398057
@adenorah,0.0186264152494
@trineswardrobe,-0.00553728980189
@yara_michels,0.0124859957825
@anoukyve,0.00142423302418
@accordingtoblaire,0.0127898856698
@shalicenoel,0.0156855978605
@loveandloathingla,-0.00782041413087
@kelsey_white,-0.0125129812943
@helloitsroxie,-4.12500053689e-06
@glamobserver,-0.0125536844198
@luisafere,0.00654379651408
@gabifresh,0.0192655580352
@nicolettemason,0.00425572655742
@a_southerndrawl,0.0116130008112
@meganrunionmcr,0.00602115179298
@rumineely,0.00602115179298
@alicezielasko,-0.0182840582248
@lateafternoon,0.00195646646928
@lusttforlife,-0.0119503017658
@theglamourai,0.00133578997944
@sjpcollection,-0.00258317323086
@kenzasmg,-0.00104683878607
@daphnemodeandthecity,-0.0133124367663
@adelinerapon,-0.0162401296997
@eppcoline,-0.00904870367567
@rozalia_russian,-0.000534775909563
@rozalia.com.au,-0.0118174628925
@fredrdgz,0.0043465124892
@marianodivaio,-0.00248587381734
@oliworlds,-0.0262198972271
@oliviakijo,-0.011846386413
@thefashionaround,-0.011846386413
@matthewzorpas,-0.00174227520814
@theglobalgirl,0.0132509152015
@tini_tani,0.0241780520678
@whichclothestoday,0.00313328169655
@racheletnicole,-0.00136344230292
@milexr,-0.00136344230292
@luanna90,0.00311016090064
@littleblackboots,-0.000738728669539
@christophschaller,-0.00997006845936
@chicityfashion,-0.0112494418413
@retroflame,0.00144398744572
@alexanderkenton,0.0111774499494
@gvozdishe,0.0111774499494
@larisacostea,-0.00728268255114
@myshowroomblog,-0.0235876549008
@feralcreature,-0.0016253958823
@superwowomg,0.0019245846325
@soniaeryka,-0.00555449648508
@ellemayleckenby,-0.0131653552845
@redreidinghood,-0.011854264932
@diariodeestilo,-0.00193897725234
@karxlina,0.00590464112661
@livpurvis,0.000200152191309
@inthefrow,0.00770115831919
@erica_davies,0.0153545257017
@monicabeatrice,0.00797476652384
@dressyourguests,0.0106995289973
@kittehinfurs,0.00692997421832
@cupcakesloveme,0.0188856510995
@fullerfigurefullerbust,0.00101916681494
@teerwayde,0.0165452274597
@nadiaaboulhosn,-0.012477151403
@itsmekellieb,0.000347278950004
@bbwgeneration,-0.0105281135082
@girlwithcurves,0.00665457040125
@kobi_jae,0.0113008333211
@cleofernandes,-0.0104858013764
@curvesandchaos,0.00275687270559
@mariesouthardospina,0.00489487934183
@epiclylaterd,0.00552991586312
@ilanusglazer,0.00381532696188
@mallorybby,0.00893525298476
@krystalschlegel,0.0136348590329
@nanysklozet,-0.00814346662028
@princepelayo,-0.00306485201269
@troprouge,0.0222098113883
@smashleybell,-0.00296844312868
@brooklynblonde1,-0.00309024149045
@oh_anthonio,0.00131534317451
@clairegeist,0.0114758203163
@justinliv,-0.000907001976607
@blaireadiebee,0.00988945896512
@iamgalla,-0.0203339309271
@apairandaspare,-0.00467067911102
@tinaleung,0.0105782584908
@cindiddy,-0.00150316570223
@vnikali,0.00468907951281
@elleiconlee,0.00563033146314
@christingc,-0.00309963578751
@popbee,-0.0142019959585
@thewanderlister,0.00586802663203
@youmnaelshafeiy_makeupartist,-0.00551513480543
@aylinstudiio,-0.00551513480543
@mimitrend,0.0358377129291
@naijayarnz,-0.00703459468409
@cristianocalzature,0.0152504239058
@ohmiloveit,0.0261721655353
@lacaprichossa,-0.0259168405136
@street_style_paris,-0.0173344453162
@toasty_a,-0.00423074754226
@sanantoniotidbits,-0.00299968808807
@spurscoyote,-0.0149845525152
@bexargoods,-0.00116504506967
@igsanantonio,-0.00613936835183
@lonestarsouthern,0.00261716503336
@kyla.shay,0.00746708192268
@claudiaalende,-0.0100308073464
@waseemstark,0.00405142598174
@jenselter,-0.00113493975051
@deck_sotto,0.00227786219482
@shop.style.snap,0.00291510325089
@so___whatt,0.00291510325089
@cornetmamabolo,0.00173595910967
@iilove.closet,-0.0361164973485
@chamsko.pl,-0.0365775356125
@ebadolrahman,-0.0365775356125
@sacross,-0.0124136750917
@walterwanderleytv,-0.0194325403743
@letshoppingwithme,0.0084037654817
@julietangus,0.00341483419569
@fiftyshadesmovie,-0.0113220651185
@discodaydream,-0.00274115404127
@thestyleclubla,0.00523155678767
@beyonce,-0.000681358151905
@cocoloco_girl,-0.00666664551253
@__viva_la_moda__,0.0153384105107
@fashiondesfemmes,-0.0114678075235
@riccardotisci17,0.010121910217
@givenchyofficial,0.00171075029017
@wwd,0.00489197243152
@careergirldaily,0.010885029623
@chrisellelim,-0.000795884681451
@char1es,-0.00250371344064
@thebalibible,-0.012839835279
@shewearsfashion,-0.00739331159912
@caraasantana,-0.0160616995887
@2snapsandatwirl,-0.00633445055868
@ninarobinsonnyc,0.000747815885663
@mattblack_blackmatt,-0.0243660548922
@mattslaby,-0.0206450307795
@bythebrush,-0.0151864129425
@mrantooine,-0.0191469031193
@timlampe,-0.00911126779537
@meltjoeng,0.0136004507194
@camrindengel,-0.00930988455649
@joshualott,0.00556945968643
@skylerwagoner,0.00177970702397
@belebenard,-0.00685619696043
@aabbyylou,-0.00772194417474
@bydvnlln,0.00869035369101
@johnstanmeyer,-0.00576285437037
@patricialaydorsey,-0.0015160299649
@wideeyedlegless,0.00713658299314
@misvincent,-0.00197141905266
@brettbrooner,0.0149476451198
@johnnylace,0.00993943445041
@stellamariabaer,-0.00129937648024
@thomas_prior,0.00882245784811
@robertwtobin,-0.00321549475903
@waywardspark,0.0123927695644
@charlesmostoller,-0.0329107643673
@jesse_burke,0.0026313832989
@kendrickbrinson,-0.000348684224925
@thesdcowgirl,-0.00104873910294
@thiswildidea,-0.0010468656464
@mattcrump,0.0038662674427
@ryan_thayne,0.000117577870938
@shanelavalette,0.000117577870938
@taylortippett,0.00410058426456
@stacykranitz,0.011729735123
@manofmanytastes,-0.00864991135207
@morgansmith,0.0166869550591
@elegant_attire,-0.00129590956905
@chef_balqees,-0.00129590956905
@elegant_divas,0.0411671207394
@mapasekamokwele,0.00741960881313
@top.promote,-0.00613123786623
@hendriansyah76_official,-0.00203050854654
@melynnlipstick,0.0489783831764
@thekeyofstyle,-0.00284684318219
@thesilksneaker,-0.00117487383102
@fidm,-0.0105508520137
@nicolettareggio,0.0304561634395
@youngadventuress,-0.00290236709203
@holsterfashion,-0.0115118680279
@klasse14,-0.0113356619423
@lacenheelsboutique,0.00322746576617
